Username,Email,Code
user3,03@email.com,CndO7V2MRb
user4,04@email.com,AUwxTfYId3
user5,05@email.com,cKtBqnlYpm
user6,06@email.com,2FBT8vnSzu
user7,07@email.com,ksmsZ2n2hE
user8,08@email.com,txRVYaU8cn
user9,09@email.com,NgOsIRH0vL
user10,10@email.com,zdeZj3ztT7
user11,11@email.com,RGvwqj4s8T
user12,12@email.com,uMh388OK6V
user13,13@email.com,5W60etQYWT
user14,14@email.com,R6e1Y0iaiU
user15,15@email.com,fbpkxryoFG
user16,16@email.com,CAtoDHlmf1
user17,17@email.com,Od91jrSvES
user18,18@email.com,nKxMXvDt4g
user19,19@email.com,EEUo7PNzJf
user20,20@email.com,Zyy38N0FtL
user21,21@email.com,OTbab6qv9u
user22,22@email.com,9QNGgLqZ89
user23,23@email.com,s1MNFJFypT
user24,24@email.com,JH1OftEDzC
user25,25@email.com,Dm8ZZ4rike
user26,26@email.com,Z8CMVYNq6Q
user1,01@email.com,tRmy4VRLGg
user2,02@email.com,mgc5fhOqsg
user27,27@email.com,X5Jat59Jx4
user28,28@email.com,dW5GwY2Oav
user29,29@email.com,uRMtPwlpr9
user30,30@email.com,hglIBTfLcz
user31,31@email.com,hFmaAU9sV2
user32,32@email.com,bs5PRAX1yD
user33,33@email.com,Jft0DdPnpW
user34,34@email.com,RcSoyVPTxh
user35,35@email.com,9LTkD9szsb
user36,36@email.com,sxLKttg8h6
user37,37@email.com,WnX2NUrOdp
user38,38@email.com,JAkokdS371
user39,39@email.com,XCIP3YKBcQ
user40,40@email.com,MZGbZS1ANt
user41,41@email.com,2QcNXe1f3v
user42,42@email.com,Xn1h5gTkQ3
user43,43@email.com,tgmrrYO76f
user44,44@email.com,VDkyyQnNlH
user45,45@email.com,cwGPBTQvza
user46,46@email.com,pXU8DEOJaJ
user47,47@email.com,R1IKXIFOtH
user48,48@email.com,B3JDZZPtcg
user49,49@email.com,ZUZwqmeLGW
user50,50@email.com,HeTXvKLX92
